,n,d,model,wall_time_train,process_time_train,wall_time_sample,process_time_sample
0,1000,15,CTGAN,31.24079589500252,680.0544269829988,0.07277994999822113,0.857317501999205
0,1645,15,CTGAN,47.585311961000116,1033.3219792580057,0.08968243300114409,1.0968103640188929
0,2705,15,CTGAN,79.96744563999891,1729.0040172520094,0.12040747400169494,1.5952223530039191
0,4449,15,CTGAN,131.85939942599725,2830.8303929640097,0.17444324800089817,2.4634685420023743
0,7318,15,CTGAN,231.11389381799745,4947.018758683,0.2692194439987361,3.9735792449791916
0,12036,15,CTGAN,394.21607293499983,8461.996396013012,0.41146596999897156,6.248972392000724
0,19797,15,CTGAN,644.3742979379967,13803.658527460007,0.6654130630013242,10.194112889992539
0,32561,15,CTGAN,1074.3191635250005,23073.865723657014,1.0788566090013774,16.849991585011594
