,n,d,model,wall_time_train,process_time_train,wall_time_sample,process_time_sample
0,1000,15,CTGAN,31.426094274000206,687.4843917800172,0.07286389300134033,0.8646582959918305
0,1645,15,CTGAN,47.490232113003,1026.1771043059998,0.0880586109997239,1.0813014899904374
0,2705,15,CTGAN,80.37569482400067,1749.7436778559932,0.1217281749995891,1.608260093984427
0,4449,15,CTGAN,127.3718630780022,2741.6969747580006,0.16854643300030148,2.344383667979855
0,7318,15,CTGAN,222.83194592499785,4780.782094449998,0.255271422000078,3.7309680500184186
0,12036,15,CTGAN,384.41347474800205,8277.733015236008,0.4055748639984813,6.086968415998854
0,19797,15,CTGAN,644.7777402229985,13839.427676483989,0.6626396009996824,10.178756993991556
0,32561,15,CTGAN,1074.2473368290011,23042.53763144603,1.0736807670000417,16.75667599699227
