,n,d,model,wall_time_train,process_time_train,wall_time_sample,process_time_sample
0,1000,15,CTGAN,31.662823094000487,690.4971848860005,0.07388092200199026,0.897845204002806
0,1645,15,CTGAN,47.33166893500311,1029.040357989994,0.08930658199824393,1.106485848002194
0,2705,15,CTGAN,79.19277610199788,1722.600378805997,0.12249966499803122,1.6777685920023941
0,4449,15,CTGAN,126.92086577599912,2733.217736507002,0.16438597600063076,2.2996025379979983
0,7318,15,CTGAN,227.47067401499953,4862.841823479997,0.26485534899984486,3.8863070260122186
0,12036,15,CTGAN,382.72646347200134,8242.802072968989,0.4116492709981685,6.168221601998084
0,19797,15,CTGAN,641.6148334819991,13790.010495256996,0.6661808520002523,10.299236421997193
0,32561,15,CTGAN,1072.8205182829988,23049.249760983002,1.0727429879989359,16.755072461994132
