,n,d,model,wall_time_train,process_time_train,wall_time_sample,process_time_sample
0,1000,15,CTGAN,31.759319429998868,695.6126491039904,0.07458461799978977,0.9232895269960864
0,1645,15,CTGAN,47.05436966900015,1025.5102072040027,0.09183105499687372,1.1339792299986584
0,2705,15,CTGAN,79.11308218200065,1714.9601161290047,0.12157709099847125,1.6373753669904545
0,4449,15,CTGAN,127.93216609500087,2745.363492948003,0.1670749410004646,2.2826945660053752
0,7318,15,CTGAN,221.0261797409985,4736.732001361001,0.2566267170004721,3.703209405997768
0,12036,15,CTGAN,394.89773280699956,8494.78827566201,0.42211963799854857,6.407608395005809
0,19797,15,CTGAN,624.0885811840017,13435.970896250015,0.6353331969985447,9.720365277025849
0,32561,15,CTGAN,1075.223431071001,23111.322565525013,1.0768197510005848,16.788271784986136
