,n,d,model,wall_time_train,process_time_train,wall_time_sample,process_time_sample
0,1000,15,CTGAN,36.26135365599839,794.009608252,0.07459022400144022,0.8808343289999812
0,1645,15,CTGAN,58.116727977001574,1284.8218042160001,0.08991477800009307,1.1347128130000783
0,2705,15,CTGAN,91.59967095500178,1981.0001675020003,0.12610563799898955,1.7116336359999877
0,4449,15,CTGAN,129.91694402499706,2782.399869156,0.17193822800254566,2.4311572440001328
0,7318,15,CTGAN,227.48788280400186,4859.623562583,0.26923123199958354,3.951381360000596
0,12036,15,CTGAN,382.92572494699925,8268.843796653,0.4067079169981298,6.116054332000203
0,19797,15,CTGAN,641.8304015739996,13797.461883435004,0.6625499010006024,10.230954473001475
0,32561,15,CTGAN,1067.9035618519993,22905.634485336006,1.065420353999798,16.61741834499844
