,n,d,model,wall_time_train,process_time_train,wall_time_sample,process_time_sample
0,19797,15,CTABGAN_cpu,6169.141598687005,143357.8472327469,6.459265464000055,129.45227037300356
