,n,d,model,wall_time_train,process_time_train,wall_time_sample,process_time_sample
0,4449,15,CTABGAN_gpu,98.65563510399079,665.074391045,0.18004697398282588,0.17997795499991298
