,n,d,model,wall_time_train,process_time_train,wall_time_sample,process_time_sample
0,4449,15,CTABGAN_cpu,1261.8772168259966,29347.430314800004,1.5602136239976971,31.415425732033327
