,n,d,model,wall_time_train,process_time_train,wall_time_sample,process_time_sample
0,19797,15,CTABGAN_gpu,484.0664213889977,3273.2633192600006,0.6802136090118438,0.6799518829975568
