,n,d,model,wall_time_train,process_time_train,wall_time_sample,process_time_sample
0,4449,15,CTABGAN_gpu,99.61553233995801,684.0928378020035,0.18201799097005278,0.18196577700291527
