,n,d,model,wall_time_train,process_time_train,wall_time_sample,process_time_sample
0,32561,15,CTABGAN_gpu,807.6786771960324,5483.373975497001,1.0920681270072237,1.09181932300271
