,n,d,model,wall_time_train,process_time_train,wall_time_sample,process_time_sample
0,1000,15,CTABGAN_cpu,274.42496680399927,6376.7978064341005,0.4738995529987733,9.54850218910724
