,n,d,model,wall_time_train,process_time_train,wall_time_sample,process_time_sample
0,1000,15,CTABGAN_gpu,18.570285378955305,46.48409830899982,0.06149018002906814,0.06147414799852413
