,n,d,model,wall_time_train,process_time_train,wall_time_sample,process_time_sample
0,32561,15,CTABGAN_gpu,801.769136368006,5452.728844542005,1.1281973480363376,1.1279685460031033
