,n,d,model,wall_time_train,process_time_train,wall_time_sample,process_time_sample
0,2705,15,CTABGAN_gpu,62.53160479600774,438.70727087900013,0.11396815499756485,0.11394661999656819
