,n,d,model,wall_time_train,process_time_train,wall_time_sample,process_time_sample
0,1645,15,CTABGAN_gpu,28.222180787997786,80.15912944700176,0.0759865180007182,0.07597463000274729
