,n,d,model,wall_time_train,process_time_train,wall_time_sample,process_time_sample
0,19797,15,CTABGAN_cpu,6164.700748325995,143260.49764630385,6.266384240996558,125.33166514895856
