,n,d,model,wall_time_train,process_time_train,wall_time_sample,process_time_sample
0,19797,15,CTABGAN_cpu,6201.081980661998,143848.00681752202,6.4587877670019225,129.6478421780048
