,n,d,model,wall_time_train,process_time_train,wall_time_sample,process_time_sample
0,32561,15,CTABGAN_cpu,10322.400551685001,239842.10899500106,10.393432224998833,208.49498807801865
