,n,d,model,wall_time_train,process_time_train,wall_time_sample,process_time_sample
0,12036,15,CTABGAN_cpu,3795.0651782590003,88212.61754542799,3.9413926070010348,79.12820388498949
