,n,d,model,wall_time_train,process_time_train,wall_time_sample,process_time_sample
0,19797,15,CTABGAN_cpu,6195.568365497995,143928.7844933772,6.2949449439911405,126.17569983610883
