,n,d,model,wall_time_train,process_time_train,wall_time_sample,process_time_sample
0,1000,15,CTABGAN_gpu,19.288538933033124,52.517469359,0.060403133975341916,0.060400995999998486
