,n,d,model,wall_time_train,process_time_train,wall_time_sample,process_time_sample
0,19797,15,CTABGAN_gpu,483.6654383150162,3236.977563669003,0.7166399270063266,0.716506634002144
