,n,d,model,wall_time_train,process_time_train,wall_time_sample,process_time_sample
0,1645,15,CTABGAN_cpu,413.02119208899967,9586.854718367103,0.6256583369977307,12.610524768009782
