,n,d,model,wall_time_train,process_time_train,wall_time_sample,process_time_sample
0,32561,15,CTABGAN_gpu,800.7302628179896,5420.047239366999,1.1424884689622559,1.1418282960003125
