,n,d,model,wall_time_train,process_time_train,wall_time_sample,process_time_sample
0,7318,15,CTABGAN_gpu,173.73311308503617,1168.2413308779978,0.2813223300036043,0.2812316589988768
