,n,d,model,wall_time_train,process_time_train,wall_time_sample,process_time_sample
0,1645,15,CTABGAN_gpu,28.083072614041157,74.65013183200062,0.07697894697776064,0.07696904099975654
