,n,d,model,wall_time_train,process_time_train,wall_time_sample,process_time_sample
0,19797,15,CTABGAN_cpu,6176.821146646005,143537.785118188,6.503549761000613,130.64262518601026
