,n,d,model,wall_time_train,process_time_train,wall_time_sample,process_time_sample
0,32561,15,CTABGAN_cpu,10299.60012874,239266.8730334388,10.758800045994576,215.67239047493786
