,n,d,model,wall_time_train,process_time_train,wall_time_sample,process_time_sample
0,7318,15,CTABGAN_cpu,2213.197182870994,51420.74265365489,2.37620883800264,47.624745016917586
