,n,d,model,wall_time_train,process_time_train,wall_time_sample,process_time_sample
0,32561,15,CTABGAN_cpu,10307.206275469005,239481.968380871,10.399599527001556,208.60457787499763
