,n,d,model,wall_time_train,process_time_train,wall_time_sample,process_time_sample
0,2705,15,CTABGAN_gpu,62.26944308000384,432.9952916830007,0.1139380459790118,0.1139095600010478
