,n,d,model,wall_time_train,process_time_train,wall_time_sample,process_time_sample
0,7318,15,CTABGAN_gpu,173.83536194299813,1169.2490343120007,0.26508498698240146,0.26501349700265564
