,n,d,model,wall_time_train,process_time_train,wall_time_sample,process_time_sample
0,7318,15,CTABGAN_gpu,173.3250024850131,1152.8359703409951,0.26346248999470845,0.26341991699882783
