,n,d,model,wall_time_train,process_time_train,wall_time_sample,process_time_sample
0,12036,15,CTABGAN_gpu,299.29183573496994,2067.5497922669965,0.42942009499529377,0.42932173799636075
