,n,d,model,wall_time_train,process_time_train,wall_time_sample,process_time_sample
0,12036,15,CTABGAN_cpu,3796.698712776997,88208.04088026099,3.9361422780057183,78.91791266296059
