,n,d,model,wall_time_train,process_time_train,wall_time_sample,process_time_sample
0,1000,15,CTABGAN_cpu,274.73628566499974,6382.832047487143,0.47889987099915743,9.732797666918486
