,n,d,model,wall_time_train,process_time_train,wall_time_sample,process_time_sample
0,1000,15,CTABGAN_gpu,18.6560114340391,51.93986358400434,0.05588753201300278,0.0558792009978788
