,n,d,model,wall_time_train,process_time_train,wall_time_sample,process_time_sample
0,4449,15,CTABGAN_cpu,1264.2703253689997,29405.019521603004,1.4207733999992342,28.442114354002115
