,n,d,model,wall_time_train,process_time_train,wall_time_sample,process_time_sample
0,32561,15,CTABGAN_cpu,10280.340425004993,238814.68538631173,10.387371574004646,208.26824604114518
