,n,d,model,wall_time_train,process_time_train,wall_time_sample,process_time_sample
0,19797,15,CTABGAN_gpu,485.8557301539695,3338.1400248360005,0.694959674961865,0.6947661969970795
