,n,d,model,wall_time_train,process_time_train,wall_time_sample,process_time_sample
0,12036,15,CTABGAN_cpu,3791.4589784770033,88122.78061215102,3.921628263000457,78.57465492503252
