,n,d,model,wall_time_train,process_time_train,wall_time_sample,process_time_sample
0,19797,15,CTABGAN_gpu,485.86853558698203,3309.2375009549996,0.6798725980333984,0.6797416449999218
