,n,d,model,wall_time_train,process_time_train,wall_time_sample,process_time_sample
0,1645,15,CTABGAN_cpu,412.8767725710022,9584.294031566009,0.6345304329988721,12.862330187927
