,n,d,model,wall_time_train,process_time_train,wall_time_sample,process_time_sample
0,2705,15,CTABGAN_gpu,62.5076931299991,441.3351737319972,0.11482111498480663,0.11478857500333106
