,n,d,model,wall_time_train,process_time_train,wall_time_sample,process_time_sample
0,1000,15,CTABGAN_gpu,18.793234092008788,55.0195424880003,0.058348895981907845,0.058348254999145865
