,n,d,model,wall_time_train,process_time_train,wall_time_sample,process_time_sample
0,1645,15,CTABGAN_gpu,28.153672176005784,77.22584539199306,0.07152658596169204,0.07152025400137063
