,n,d,model,wall_time_train,process_time_train,wall_time_sample,process_time_sample
0,12036,15,CTABGAN_cpu,3814.3246916450007,88629.41873130854,3.9185855190007715,78.56802279688418
