,n,d,model,wall_time_train,process_time_train,wall_time_sample,process_time_sample
0,4449,15,CTABGAN_gpu,99.37240794702666,668.3939076140014,0.1639022069866769,0.16386165199946845
