,n,d,model,wall_time_train,process_time_train,wall_time_sample,process_time_sample
0,2705,15,CTABGAN_gpu,63.89031706599053,429.07401567999995,0.11667694000061601,0.11664432099996702
