,n,d,model,wall_time_train,process_time_train,wall_time_sample,process_time_sample
0,7318,15,CTABGAN_gpu,173.66686029400444,1153.1811553909993,0.28015588101698086,0.28010004999850935
