,n,d,model,wall_time_train,process_time_train,wall_time_sample,process_time_sample
0,7318,15,CTABGAN_cpu,2215.8079044679907,51477.42981165182,2.3688851720071398,47.58387258485891
