,n,d,model,wall_time_train,process_time_train,wall_time_sample,process_time_sample
0,4449,15,CTABGAN_gpu,99.78426947601838,683.6281170430011,0.16492793598445132,0.16490007199899992
