,n,d,model,wall_time_train,process_time_train,wall_time_sample,process_time_sample
0,12036,15,CTABGAN_gpu,298.75514717400074,2039.8938881570011,0.4279601509915665,0.42784899700200185
