,n,d,model,wall_time_train,process_time_train,wall_time_sample,process_time_sample
0,4449,15,CTABGAN_gpu,99.57467871700646,683.4632831939998,0.16311060200678185,0.1630649770013406
