,n,d,model,wall_time_train,process_time_train,wall_time_sample,process_time_sample
0,1000,15,CTABGAN_gpu,18.78706224198686,58.27149039300275,0.05601902597118169,0.05600043999947957
