,n,d,model,wall_time_train,process_time_train,wall_time_sample,process_time_sample
0,1645,15,CTABGAN_cpu,412.4022772110038,9572.854041958926,0.6246512569996412,12.609137332066894
