,n,d,model,wall_time_train,process_time_train,wall_time_sample,process_time_sample
0,1000,15,CTABGAN_cpu,274.0781365319999,6371.9259738239925,0.47916346800047904,9.72544874297455
