,n,d,model,wall_time_train,process_time_train,wall_time_sample,process_time_sample
0,32561,15,CTABGAN_gpu,808.3289863760001,5499.201677849999,1.12970295897685,1.1294117609995737
