,n,d,model,wall_time_train,process_time_train,wall_time_sample,process_time_sample
0,19797,15,CTABGAN_gpu,485.90185000299243,3334.883679952003,0.68234904500423,0.6821815290022641
