,n,d,model,wall_time_train,process_time_train,wall_time_sample,process_time_sample
0,1645,15,CTABGAN_gpu,38.027928009978496,266.799739676,0.08092596399364993,0.08090456799999401
