,n,d,model,wall_time_train,process_time_train,wall_time_sample,process_time_sample
0,12036,15,CTABGAN_gpu,299.05179194395896,2059.3904898429973,0.42862901400076225,0.4284349080044194
