,n,d,model,wall_time_train,process_time_train,wall_time_sample,process_time_sample
0,4449,15,CTABGAN_cpu,1260.5248480080045,29321.45491380198,1.4262688759918092,28.779573943000287
