,n,d,model,wall_time_train,process_time_train,wall_time_sample,process_time_sample
0,1645,15,CTABGAN_cpu,413.53688630599936,9600.073139031418,0.631130616995506,12.741415684111416
