,n,d,model,wall_time_train,process_time_train,wall_time_sample,process_time_sample
0,12036,15,CTABGAN_gpu,298.9546861749841,2056.2313186150022,0.4308464099885896,0.4307441410019237
