,n,d,model,wall_time_train,process_time_train,wall_time_sample,process_time_sample
0,32561,15,CTABGAN_cpu,10286.886522089,238966.374833941,10.333285928005353,207.04079586500302
