,n,d,model,wall_time_train,process_time_train,wall_time_sample,process_time_sample
0,7318,15,CTABGAN_cpu,2209.7035279660013,51336.17773389898,2.504562009999063,50.22334382706322
