,n,d,model,wall_time_train,process_time_train,wall_time_sample,process_time_sample
0,2705,15,CTABGAN_gpu,65.47441438300302,442.0594075070003,0.11631769099039957,0.11628716900122527
