,n,d,model,wall_time_train,process_time_train,wall_time_sample,process_time_sample
0,12036,15,CTABGAN_gpu,303.0092433949467,2050.147060227,0.43112295295577496,0.43105501900026866
