,n,d,model,wall_time_train,process_time_train,wall_time_sample,process_time_sample
0,2705,15,CTABGAN_cpu,781.6581428569989,18187.755136896158,0.9549245099988184,19.23824406694621
