,n,d,model,wall_time_train,process_time_train,wall_time_sample,process_time_sample
0,4449,15,CTABGAN_cpu,1267.7149435570027,29490.211092198966,1.4146150209999178,28.430799823021516
