,n,d,model,wall_time_train,process_time_train,wall_time_sample,process_time_sample
0,2705,15,CTABGAN_cpu,791.2336634109961,18396.10698174918,0.9547639450029237,19.254744002129883
