,n,d,model,wall_time_train,process_time_train,wall_time_sample,process_time_sample
0,12036,15,CTABGAN_cpu,3795.157756658009,88212.67018535081,3.9334340579953277,78.84099356806837
