,n,d,model,wall_time_train,process_time_train,wall_time_sample,process_time_sample
0,2705,15,CTABGAN_cpu,783.3238766989962,18229.119592197007,0.9575737080012914,19.239620842970908
