,n,d,model,wall_time_train,process_time_train,wall_time_sample,process_time_sample
0,1645,15,CTABGAN_cpu,472.4833617630002,11003.923031442002,0.625220518000333,12.599554823002109
