,n,d,model,wall_time_train,process_time_train,wall_time_sample,process_time_sample
0,7318,15,CTABGAN_cpu,2208.2525424060004,51298.509095414076,2.371162989002187,47.599162545986474
