,n,d,model,wall_time_train,process_time_train,wall_time_sample,process_time_sample
0,32561,15,CTABGAN_gpu,801.8126221300336,5494.619206581003,1.15397198300343,1.1537031109983218
