,n,d,model,wall_time_train,process_time_train,wall_time_sample,process_time_sample
0,4449,15,CTABGAN_cpu,1268.2595868309982,29494.03804857796,1.5645593980007106,31.44168763794005
