,n,d,model,wall_time_train,process_time_train,wall_time_sample,process_time_sample
0,2705,15,CTABGAN_cpu,784.6914448400021,18263.18392031407,0.9506273900005908,19.111973557970487
