,n,d,model,wall_time_train,process_time_train,wall_time_sample,process_time_sample
0,1645,15,CTABGAN_gpu,27.961407136986963,70.04613114800304,0.07580532797146589,0.07579622399498476
