,dataset,model,classifier,wall_time,process_time,f1_none,accuracy_score
0,adult,CTABGAN+,BinaryDecisionTreeClassifier,560.2607641760001,3818.253276496,[0.62638939 0.85278327],0.7887909192257019
0,adult,CTABGAN+,BinaryAdaBoostClassifier,560.2607641760001,3818.253276496,[0.57358084 0.90104264],0.8393635350157089
0,adult,CTABGAN+,BinaryLogisticRegression,560.2607641760001,3818.253276496,[0.65954554 0.87980802],0.8223370832066484
0,adult,CTABGAN+,BinaryMLPClassifier,560.2607641760001,3818.253276496,[0.60603136 0.89524665],0.8344988344988346
