,dataset,model,classifier,wall_time,process_time,f1_none,accuracy_score
0,census,CTABGAN+,BinaryDecisionTreeClassifier,13403.080595255,44083.097080598,[0.37034981 0.90847352],0.8401787871466537
0,census,CTABGAN+,BinaryAdaBoostClassifier,13403.080595255,44083.097080598,[0.44221106 0.97182741],0.9463638560038656
0,census,CTABGAN+,BinaryMLPClassifier,13403.080595255,44083.097080598,[0.47593131 0.97029492],0.9437766771361843
