,dataset,model,classifier,wall_time,process_time,f1_none,accuracy_score
0,adult,RCCGAN,BinaryDecisionTreeClassifier,8724.411673368002,8717.317120058,[0.55062732 0.81932504],0.74227222053309
0,adult,RCCGAN,BinaryAdaBoostClassifier,8724.411673368002,8717.317120058,[0.57162987 0.88214009],0.8151413803587717
0,adult,RCCGAN,BinaryLogisticRegression,8724.411673368002,8717.317120058,[0.59405941 0.77337334],0.709131448261883
0,adult,RCCGAN,BinaryMLPClassifier,8724.411673368002,8717.317120058,[0.57738095 0.8677312 ],0.7985203202594507
