,dataset,model,classifier,wall_time,process_time,f1_none,accuracy_score
0,credit,RCCGAN,BinaryDecisionTreeClassifier,10607.778089092004,10665.302024571,[0.98231887 0.072     ],0.9652988981403001
0,credit,RCCGAN,BinaryAdaBoostClassifier,10607.778089092004,10665.302024571,[0.99962548 0.76190476],0.9992521314254375
0,credit,RCCGAN,BinaryMLPClassifier,10607.778089092004,10665.302024571,[0.99975032 0.83870968],0.9995014209502917
