,dataset,model,classifier,wall_time,process_time,f1_none,accuracy_score
0,census,RCCGAN,BinaryDecisionTreeClassifier,9006.370700328996,9055.676243950002,[0.33498513 0.88513733],0.8041092856567609
0,census,RCCGAN,BinaryAdaBoostClassifier,9006.370700328996,9055.676243950002,[0.49156982 0.96668347],0.937464766046549
0,census,RCCGAN,BinaryMLPClassifier,9006.370700328996,9055.676243950002,[0.33459848 0.9646878 ],0.9329346863171458
