,n,d,model,wall_time_train,process_time_train,wall_time_sample,process_time_sample
0,32561,11,CTGAN,933.2958617070108,20331.261546547,0.9133472710091155,15.040245973039418
0,32561,13,CTGAN,922.0811484300066,19744.83125881804,0.9523095879994798,15.055769414990209
0,32561,15,CTGAN,1087.648076307014,23343.658331390994,1.0768880139949033,16.774894065980334
0,32561,15,CTGAN,1078.8899206649949,23211.255951119994,1.069470768008614,16.664380614005495
0,32561,15,CTGAN,1077.1945152700064,23135.882169110002,1.0740006620035274,16.815061265951954
0,32561,15,CTGAN,1078.1373938969919,23185.05934800196,1.0790421130077448,16.897374343010597
0,32561,15,CTGAN,1078.1996363450016,23194.642715502996,1.07394163000572,16.802766175940633
