,n,d,model,wall_time_train,process_time_train,wall_time_sample,process_time_sample
0,32561,5,CTGAN,572.5427438949991,13229.741712064002,0.5148750079970341,10.070690792999812
0,32561,7,CTGAN,629.0966474649977,13796.747886281999,0.6319863709941274,11.008848152006976
0,32561,9,CTGAN,736.8465865789985,15841.332924382004,0.7545208700030344,12.523335944977589
0,32561,11,CTGAN,855.8048395559963,18283.847700183018,0.8701512480038218,14.038614969991613
0,32561,13,CTGAN,911.2249415729966,19383.181094800995,0.9620444890024373,15.148236186010763
0,32561,3,CTGAN,474.9148851650025,10878.675194030016,0.4362434229988139,8.824476276990026
0,32561,5,CTGAN,557.9545866379995,12274.116047862015,0.5605013399981544,10.178023354004836
