,n,d,model,wall_time_train,process_time_train,wall_time_sample,process_time_sample
0,32561,7,CTGAN,637.5416923449957,14139.140663879021,0.6330273010025849,11.239409545989474
0,32561,9,CTGAN,726.1244760550035,16007.417741504993,0.7090874659988913,12.198258004005766
0,32561,11,CTGAN,818.5041014450035,17561.52465779998,0.8335514780046651,13.460344292019727
0,32561,13,CTGAN,908.8146803970012,19273.62761667397,0.9470988379980554,14.839230233978014
0,32561,3,CTGAN,474.77294793500187,10794.69447719201,0.4434743090023403,8.895473356998991
0,32561,5,CTGAN,531.5596005970001,11870.694008055958,0.5157937159965513,9.692860379989725
0,32561,7,CTGAN,658.6376345519966,14297.516839004995,0.6698158140061423,11.584457790944725
