,n,d,model,wall_time_train,process_time_train,wall_time_sample,process_time_sample
0,32561,3,CTGAN,477.0057189740037,10807.124656502,0.44430368499888573,8.959045498000705
0,32561,5,CTGAN,533.4279709219991,12065.924402929,0.5140186339995125,9.735663160001423
0,32561,7,CTGAN,620.4489069249976,13558.509364654,0.6316910300010932,10.98534075000498
0,32561,9,CTGAN,775.1702586600004,17076.542211287997,0.7583676700014621,12.992248428003222
0,32561,11,CTGAN,847.5371983020013,18209.064091171997,0.8628812660026597,13.980392673998722
0,32561,13,CTGAN,959.0862430969937,20756.639255648,0.9499812750000274,15.072081100996002
0,32561,3,CTGAN,471.8021972310016,10726.478043621013,0.43666713599668583,8.803283621993614
