,n,d,model,wall_time_train,process_time_train,wall_time_sample,process_time_sample
0,32561,9,CTGAN,776.7291653720022,17313.13532983797,0.7539026110025588,13.19295630697161
0,32561,11,CTGAN,878.6910780540056,19584.643666837015,0.8311666879890254,14.010455775016453
0,32561,13,CTGAN,948.8010194480012,20539.013446311,0.9439926600025501,15.04285429295851
0,32561,3,CTGAN,466.2344381139992,10545.464518626977,0.44046416200581007,8.86723755899584
0,32561,5,CTGAN,551.2225406759972,12502.457922108006,0.5160126999981003,9.765843933040742
0,32561,7,CTGAN,629.9656640180037,13800.084343115974,0.63113665599667,11.074463757977355
0,32561,9,CTGAN,763.8511202890077,17164.73711718101,0.7176161329989554,12.50983387301676
