,n,d,model,wall_time_train,process_time_train,wall_time_sample,process_time_sample
0,32561,7,CTABGAN_gpu,484.2637383000001,4854.265885705001,0.7411536240006171,0.7444860050018178
