,n,d,model,wall_time_train,process_time_train,wall_time_sample,process_time_sample
0,32561,7,CTABGAN_cpu,4003.019728748972,93883.37136167288,3.549198307999177,67.41691511310637
