,n,d,model,wall_time_train,process_time_train,wall_time_sample,process_time_sample
0,32561,15,CTABGAN_gpu,809.7897336750011,5446.951146834996,1.110162136999861,1.1098460819921456
