,n,d,model,wall_time_train,process_time_train,wall_time_sample,process_time_sample
0,32561,5,CTABGAN_gpu,474.06392341299943,4622.185260929997,0.5989066319998528,0.6028144550000434
