,n,d,model,wall_time_train,process_time_train,wall_time_sample,process_time_sample
0,32561,11,CTABGAN_cpu,8948.526893704984,207684.43244102364,10.0620788000233,206.83881956385449
