,n,d,model,wall_time_train,process_time_train,wall_time_sample,process_time_sample
0,32561,7,CTABGAN_gpu,478.24735654600045,4640.729101915,0.8945779969999421,0.8943898430006811
