,n,d,model,wall_time_train,process_time_train,wall_time_sample,process_time_sample
0,32561,15,CTABGAN_gpu,810.3903346120023,5465.292586727999,1.125199475001864,1.12482614700275
