,n,d,model,wall_time_train,process_time_train,wall_time_sample,process_time_sample
0,32561,15,CTABGAN_cpu,10395.690314840002,241548.09499982372,10.491604371985886,210.53574511036277
