,n,d,model,wall_time_train,process_time_train,wall_time_sample,process_time_sample
0,32561,15,CTABGAN_gpu,809.903203453001,5439.826386983012,1.1060647310005152,1.105756510005449
