,n,d,model,wall_time_train,process_time_train,wall_time_sample,process_time_sample
0,32561,9,CTABGAN_cpu,3958.262147016998,92646.79133078502,3.7726042889989913,68.67749288096093
