,n,d,model,wall_time_train,process_time_train,wall_time_sample,process_time_sample
0,32561,15,CTABGAN_cpu,10419.264899736998,242090.4221506901,10.678042947984068,214.62575726862997
