,n,d,model,wall_time_train,process_time_train,wall_time_sample,process_time_sample
0,32561,13,CTABGAN_gpu,651.5985656939993,5282.254746669998,1.084079500998996,1.0838317960005952
