,n,d,model,wall_time_train,process_time_train,wall_time_sample,process_time_sample
0,32561,13,CTABGAN_cpu,9000.940762596001,208805.59819052508,10.685030672000721,215.91697100410238
