,n,d,model,wall_time_train,process_time_train,wall_time_sample,process_time_sample
0,32561,9,CTABGAN_cpu,8865.53625179801,206364.80723039107,10.09299849200761,207.37278069229797
