,n,d,model,wall_time_train,process_time_train,wall_time_sample,process_time_sample
0,32561,13,CTABGAN_cpu,8944.825631806001,207850.96126947505,10.24132279100013,208.2362845847383
