,n,d,model,wall_time_train,process_time_train,wall_time_sample,process_time_sample
0,32561,9,CTABGAN_cpu,8906.888424831996,207053.88586378703,10.105126006004866,206.09271743614227
