,n,d,model,wall_time_train,process_time_train,wall_time_sample,process_time_sample
0,32561,11,CTABGAN_cpu,8878.378464276,206513.72538752877,10.098483451001812,205.81606928119436
