,n,d,model,wall_time_train,process_time_train,wall_time_sample,process_time_sample
0,32561,3,CTABGAN_gpu,197.78699551799946,332.9946301730088,0.7067345209998166,0.7065708709997125
