,n,d,model,wall_time_train,process_time_train,wall_time_sample,process_time_sample
0,32561,13,CTABGAN_cpu,8975.059718706005,208519.03156963922,10.25409890100127,208.31001293845475
