,n,d,model,wall_time_train,process_time_train,wall_time_sample,process_time_sample
0,32561,7,CTABGAN_gpu,483.3369277519996,4836.681453074998,0.761165052999786,0.7609898009977769
