,n,d,model,wall_time_train,process_time_train,wall_time_sample,process_time_sample
0,32561,7,CTABGAN_cpu,3952.2585233360005,93037.40041242004,3.4442727330024354,66.47572525800206
