,n,d,model,wall_time_train,process_time_train,wall_time_sample,process_time_sample
0,32561,9,CTABGAN_gpu,487.07600092099983,4860.3566016529985,0.9120673600000373,0.9594751929980703
