,n,d,model,wall_time_train,process_time_train,wall_time_sample,process_time_sample
0,32561,7,CTABGAN_gpu,477.98545885099975,4621.830470323999,0.7506611110002268,0.7505096849999973
