,n,d,model,wall_time_train,process_time_train,wall_time_sample,process_time_sample
0,32561,5,CTABGAN_cpu,3966.5326526119898,92910.43175232201,3.2757078029972035,65.98311792407185
