,n,d,model,wall_time_train,process_time_train,wall_time_sample,process_time_sample
0,32561,15,CTABGAN_cpu,10405.941486021009,241794.97642075084,10.531790101988008,211.26693531498313
