,n,d,model,wall_time_train,process_time_train,wall_time_sample,process_time_sample
0,32561,11,CTABGAN_gpu,649.0785621390005,5286.465730709999,1.0896313900011592,1.089377794000029
