,n,d,model,wall_time_train,process_time_train,wall_time_sample,process_time_sample
0,32561,13,CTABGAN_gpu,595.8922373519999,1242.5970087919995,1.0725488689986378,1.0723528679955052
