,n,d,model,wall_time_train,process_time_train,wall_time_sample,process_time_sample
0,32561,15,CTABGAN_cpu,10424.045144503005,242175.48070787918,10.47267317600199,210.11917489022017
