,n,d,model,wall_time_train,process_time_train,wall_time_sample,process_time_sample
0,32561,11,CTABGAN_cpu,8852.384440395006,205707.84494214412,10.084480139994412,209.1810766919516
