,n,d,model,wall_time_train,process_time_train,wall_time_sample,process_time_sample
0,32561,5,CTABGAN_cpu,3792.9540797150003,89454.181083489,3.1823315560031915,61.67647183898953
