,n,d,model,wall_time_train,process_time_train,wall_time_sample,process_time_sample
0,32561,7,CTABGAN_cpu,3902.973028799999,91754.89427184791,3.5259775849990547,67.62272501806729
