,n,d,model,wall_time_train,process_time_train,wall_time_sample,process_time_sample
0,32561,11,CTABGAN_gpu,592.8918322329991,1089.9644768059952,0.9174142810006742,0.9171789529937087
