,n,d,model,wall_time_train,process_time_train,wall_time_sample,process_time_sample
0,32561,11,CTABGAN_cpu,8805.178447731,204512.82830332703,10.148471594999137,206.39884766202886
