,n,d,model,wall_time_train,process_time_train,wall_time_sample,process_time_sample
0,32561,15,CTABGAN_cpu,10416.40402777199,242008.0455769496,10.539238948986167,211.01909441314638
