,n,d,model,wall_time_train,process_time_train,wall_time_sample,process_time_sample
0,32561,13,CTABGAN_cpu,8883.996633053997,206133.15501836396,10.23149663899676,207.33464363391977
