,n,d,model,wall_time_train,process_time_train,wall_time_sample,process_time_sample
0,32561,11,CTABGAN_cpu,10305.19834255401,240062.9345253869,10.29048892101855,208.73169922688976
