,n,d,model,wall_time_train,process_time_train,wall_time_sample,process_time_sample
0,32561,11,CTABGAN_gpu,593.8741307230002,1235.251191038,1.0631262319998314,1.0629464519988687
