,n,d,model,wall_time_train,process_time_train,wall_time_sample,process_time_sample
0,32561,3,CTABGAN_cpu,2773.1207647590054,65119.49506892543,3.2457366560120136,64.00195045676082
