,n,d,model,wall_time_train,process_time_train,wall_time_sample,process_time_sample
0,32561,7,CTABGAN_cpu,3954.144156897004,92848.49992581503,3.653761413996108,67.56150777218863
