,n,d,model,wall_time_train,process_time_train,wall_time_sample,process_time_sample
0,32561,9,CTABGAN_gpu,640.0638798509999,5137.2266287620005,0.9124856079997699,0.9122244129976025
