,n,d,model,wall_time_train,process_time_train,wall_time_sample,process_time_sample
0,32561,9,CTABGAN_gpu,586.5276471079997,1104.2202036109957,1.089335252001547,1.0891424680012278
