,n,d,model,wall_time_train,process_time_train,wall_time_sample,process_time_sample
0,32561,9,CTABGAN_gpu,590.0317228560016,1113.5512513779977,1.0299033829996915,1.0296856460045092
