,n,d,model,wall_time_train,process_time_train,wall_time_sample,process_time_sample
0,32561,7,CTABGAN_cpu,3906.0345407439963,91647.82372733601,3.5406332339989603,64.05618162598694
