,n,d,model,wall_time_train,process_time_train,wall_time_sample,process_time_sample
0,32561,5,CTABGAN_cpu,3860.215416579995,90911.72262146696,3.3659917210025014,65.5566992489621
