,n,d,model,wall_time_train,process_time_train,wall_time_sample,process_time_sample
0,32561,15,CTABGAN_gpu,810.1395762090033,5438.470361896994,1.1082882929986226,1.1080323420028435
