,n,d,model,wall_time_train,process_time_train,wall_time_sample,process_time_sample
0,32561,11,CTABGAN_gpu,800.8309838509995,5438.366415255994,1.127097683998727,1.1268821920093615
