,n,d,model,wall_time_train,process_time_train,wall_time_sample,process_time_sample
0,32561,13,CTABGAN_gpu,607.6242036079998,1245.7017914340013,1.0790115160002642,1.0788250359983067
