,n,d,model,wall_time_train,process_time_train,wall_time_sample,process_time_sample
0,32561,13,CTABGAN_gpu,596.8290411819999,1231.0063337559986,1.1249762490006106,1.1247851780062774
