,n,d,model,wall_time_train,process_time_train,wall_time_sample,process_time_sample
0,32561,13,CTABGAN_gpu,651.7851500239994,5289.211371524994,1.0818114590001642,1.0814590489972034
