,n,d,model,wall_time_train,process_time_train,wall_time_sample,process_time_sample
0,32561,13,CTABGAN_cpu,8936.996164213997,207749.820323135,10.289619463001145,209.33228991087526
