,n,d,model,wall_time_train,process_time_train,wall_time_sample,process_time_sample
0,32561,11,CTABGAN_gpu,655.6027703770005,5243.159334846001,0.9215788829997109,0.921323204995133
