,dataset,model,classifier,wall_time,process_time,f1_none,accuracy_score
0,census,CTABGAN+,BinaryDecisionTreeClassifier,10184.859076742083,42343.881157667,[0.42172073 0.94085598],0.8926874446323588
0,census,CTABGAN+,BinaryAdaBoostClassifier,10184.859076742083,42343.881157667,[0.5180905  0.97107612],0.9454276395264557
0,census,CTABGAN+,BinaryMLPClassifier,10184.859076742083,42343.881157667,[0.52718745 0.96512923],0.9350487235242007
