,dataset,model,classifier,wall_time,process_time,f1_none,accuracy_score
0,census,ITGAN,BinaryDecisionTreeClassifier,337.16278951000277,5358.045671991001,[0.22382055 0.77602299],0.6523616815655956
0,census,ITGAN,BinaryAdaBoostClassifier,337.16278951000277,5358.045671991001,[0.07134949 0.96038165],0.9240053958282999
0,census,ITGAN,BinaryMLPClassifier,337.16278951000277,5358.045671991001,[0.0688512  0.96173014],0.926481839413707
