,dataset,model,classifier,wall_time,process_time,f1_none,accuracy_score
0,adult,ITGAN,BinaryDecisionTreeClassifier,3653.701979643898,6608.383809922,[0.62464722 0.82075472],0.7573730617208878
0,adult,ITGAN,BinaryAdaBoostClassifier,3653.701979643898,6608.383809922,[0.6619469  0.88265411],0.8257829127394345
0,adult,ITGAN,BinaryLogisticRegression,3653.701979643898,6608.383809922,[0.64453961 0.82388603],0.7644674166413297
0,adult,ITGAN,BinaryMLPClassifier,3653.701979643898,6608.383809922,[0.6680984  0.88365727],0.8277085233606972
