,dataset,model,classifier,wall_time,process_time,f1_none,accuracy_score
0,adult,ITGAN,BinaryDecisionTreeClassifier,36.25052681200032,566.02165412,[0.15403423 0.77882894],0.6493361710753015
0,adult,ITGAN,BinaryAdaBoostClassifier,36.25052681200032,566.02165412,[0.         0.86311787],0.7591973244147158
0,adult,ITGAN,BinaryLogisticRegression,36.25052681200032,566.02165412,[0.1112532  0.83259063],0.7182527617310226
0,adult,ITGAN,BinaryMLPClassifier,36.25052681200032,566.02165412,[0.00831947 0.86243508],0.7583865409952366
