,Unnamed: 0,dataset,model,classifier,wall_time,process_time,f1_none,accuracy_score
0,0,credit,RCCGAN,BinaryDecisionTreeClassifier,12899.781393222976,12864.971675867,[0.98231887 0.072     ],0.9652988981403
1,0,credit,RCCGAN,BinaryAdaBoostClassifier,12899.781393222976,12864.971675867,[0.99962548 0.76190476],0.9992521314254376
2,0,credit,RCCGAN,BinaryMLPClassifier,12899.781393222976,12864.971675867,[0.99975032 0.83870968],0.9995014209502916
