,Unnamed: 0,dataset,model,classifier,wall_time,process_time,f1_none,accuracy_score
0,0,census,RCCGAN,BinaryDecisionTreeClassifier,9416.197857483055,9470.082575798,[0.33498513 0.88513733],0.8041092856567609
1,0,census,RCCGAN,BinaryAdaBoostClassifier,9416.197857483055,9470.082575798,[0.49156982 0.96668347],0.937464766046549
2,0,census,RCCGAN,BinaryMLPClassifier,9416.197857483055,9470.082575798,[0.33459848 0.9646878 ],0.9329346863171458
